"player_id","player_name","team","opponent","is_home","recent_avg","season_avg","projected_rec_yards","weather_impact_score","is_dome","headshot","team_color","team_color2","team_logo","jersey","position","experience"
"00-0038543","J.Smith-Njigba","SEA","HOU",TRUE,124.333333333333,116,123.42,0,FALSE,"https://static.www.nfl.com/image/upload/f_auto,q_auto/league/jpvhsregfvw46mlyckzj","#002244","#69be28","https://a.espncdn.com/i/teamlogos/nfl/500/sea.png","11","WR",3
"00-0037247","G.Pickens","DAL","WAS",TRUE,119.666666666667,87.5,108.94,0,FALSE,"https://static.www.nfl.com/image/upload/f_auto,q_auto/league/cbpyykoguf7rsxezqzvk","#002244","#B0B7BC","https://a.espncdn.com/i/teamlogos/nfl/500/dal.png","3","WR",4
"00-0036322","J.Jefferson","MIN","PHI",TRUE,108,89.8,102.73,0,FALSE,"https://static.www.nfl.com/image/upload/f_auto,q_auto/league/f0ccavu3ppzcs51e1cuv","#4F2683","#FFC62F","https://a.espncdn.com/i/teamlogos/nfl/500/min.png","18","WR",6
"00-0037238","D.London","ATL","SF",FALSE,107.666666666667,85.4,98.76,0,FALSE,"https://static.www.nfl.com/image/upload/f_auto,q_auto/league/np91pvk7mczra1iyjkmo","#A71930","#000000","https://a.espncdn.com/i/teamlogos/nfl/500/atl.png","5","WR",4
"00-0039075","P.Nacua","LA","JAX",FALSE,94.3333333333333,102.666666666667,97.67,0,FALSE,"https://static.www.nfl.com/image/upload/f_auto,q_auto/league/zvi4hdm6fywcekfe7ceb","#003594","#FFD100","https://a.espncdn.com/i/teamlogos/nfl/500/lar.png","12","WR",3
"00-0033307","K.Bourne","SF","ATL",TRUE,100.333333333333,74.2,91.68,0,FALSE,"https://static.www.nfl.com/image/upload/f_auto,q_auto/league/mkciutibcbq7phnplozn","#AA0000","#B3995D","https://a.espncdn.com/i/teamlogos/nfl/500/sf.png",NA,"WR",9
"00-0040129","E.Egbuka","TB","DET",FALSE,96,78.1666666666667,88.87,0,FALSE,"https://static.www.nfl.com/image/upload/f_auto,q_auto/league/qolqqtwamffi0pi4np7h","#A71930","#322F2B","https://a.espncdn.com/i/teamlogos/nfl/500/tb.png","2","WR",0
"00-0038563","T.Tucker","LV","KC",FALSE,92.3333333333333,68.6,82.84,0,FALSE,"https://static.www.nfl.com/image/upload/f_auto,q_auto/league/fsx05ats4azj8mus03d4","#000000","#A5ACAF","https://a.espncdn.com/i/teamlogos/nfl/500/lv.png","1","WR",3
"00-0031588","S.Diggs","NE","TEN",FALSE,91.6666666666667,64.5,80.8,0,FALSE,"https://static.www.nfl.com/image/upload/f_auto,q_auto/league/cemcexmscsarpvwhafln","#002244","#C60C30","https://a.espncdn.com/i/teamlogos/nfl/500/ne.png","8","WR",11
"00-0035640","D.Metcalf","PIT","CIN",FALSE,84.3333333333333,71.2,79.08,0,FALSE,"https://static.www.nfl.com/image/upload/f_auto,q_auto/league/tknefloqsleltfmslj2y","#000000","#FFB612","https://a.espncdn.com/i/teamlogos/nfl/500/pit.png","4","WR",7
"00-0036900","J.Chase","CIN","PIT",TRUE,75.6666666666667,78,78.13,0,FALSE,"https://static.www.nfl.com/image/upload/f_auto,q_auto/league/qya3dtjb5kgofcuj2tuw","#FB4F14","#000000","https://a.espncdn.com/i/teamlogos/nfl/500/cin.png","1","WR",5
"00-0039916","R.Pearsall","SF","ATL",TRUE,73,81.75,78.03,0,FALSE,"https://static.www.nfl.com/image/upload/f_auto,q_auto/league/ko3lwlcfkxaykcspt4nw","#AA0000","#B3995D","https://a.espncdn.com/i/teamlogos/nfl/500/sf.png","1","WR",2
"00-0038544","Q.Johnston","LAC","IND",TRUE,75.6666666666667,75.4,77.07,0,FALSE,"https://static.www.nfl.com/image/upload/f_auto,q_auto/league/bpzdpin1xp1kjxmbkq6d","#007BC7","#ffc20e","https://a.espncdn.com/i/teamlogos/nfl/500/lac.png","1","WR",3
"00-0036613","J.Waddle","MIA","CLE",FALSE,84.3333333333333,65,76.6,0,FALSE,"https://static.www.nfl.com/image/upload/f_auto,q_auto/league/dsxd2zcqm42wsv4ewtfc","#008E97","#F58220","https://a.espncdn.com/i/teamlogos/nfl/500/mia.png","17","WR",5
"00-0036963","A.St. Brown","DET","TB",TRUE,71.6666666666667,75.3333333333333,74.6,0,FALSE,"https://static.www.nfl.com/image/upload/f_auto,q_auto/league/fd8nwhm6pvxfyzphzl6i","#0076B6","#B0B7BC","https://a.espncdn.com/i/teamlogos/nfl/500/det.png","14","WR",5
"00-0036554","N.Collins","HOU","SEA",FALSE,78.3333333333333,62.4,71.96,0,FALSE,"https://static.www.nfl.com/image/upload/f_auto,q_auto/league/osmqyvmib3pssxi6cyic","#03202F","#A71930","https://a.espncdn.com/i/teamlogos/nfl/500/hou.png","12","WR",5
"00-0033280","C.McCaffrey","SF","ATL",TRUE,70.3333333333333,70.6666666666667,71.88,0,FALSE,"https://static.www.nfl.com/image/upload/f_auto,q_auto/league/resjdwihunsqckohcorj","#AA0000","#B3995D","https://a.espncdn.com/i/teamlogos/nfl/500/sf.png","23","RB",9
"00-0033040","T.Hill","MIA","CLE",FALSE,75,66.25,71.5,0,FALSE,NA,"#008E97","#F58220","https://a.espncdn.com/i/teamlogos/nfl/500/mia.png",NA,NA,NA
"00-0038104","T.Thornton","KC","LV",TRUE,73.3333333333333,65.25,71.5,0,FALSE,"https://static.www.nfl.com/image/upload/f_auto,q_auto/league/bjqzuempyiwxe0hl7e5a","#E31837","#FFB612","https://a.espncdn.com/i/teamlogos/nfl/500/kc.png","80","WR",4
"00-0038542","B.Robinson","ATL","SF",FALSE,71,67.6,69.64,0,FALSE,"https://static.www.nfl.com/image/upload/f_auto,q_auto/league/rjaf9auhx3lrktzgwpfb","#A71930","#000000","https://a.espncdn.com/i/teamlogos/nfl/500/atl.png","7","RB",3
"00-0036912","D.Smith","PHI","MIN",FALSE,74.3333333333333,58.4,67.96,0,FALSE,"https://static.www.nfl.com/image/upload/f_auto,q_auto/league/vj2fz8veorg1k5qthnjm","#004C54","#A5ACAF","https://a.espncdn.com/i/teamlogos/nfl/500/phi.png","6","WR",5
"00-0039849","M.Harrison","ARI","GB",TRUE,69.3333333333333,61.2,67.4,0,FALSE,"https://static.www.nfl.com/image/upload/f_auto,q_auto/league/hwpoo1icpnh8emjvqaii","#97233F","#000000","https://a.espncdn.com/i/teamlogos/nfl/500/ari.png","18","WR",2
"00-0039893","B.Thomas","JAX","LA",TRUE,73,55.6666666666667,67.39,0,FALSE,"https://static.www.nfl.com/image/upload/f_auto,q_auto/league/plnekkriys4cm11rnxwl","#006778","#000000","https://a.espncdn.com/i/teamlogos/nfl/500/jax.png","7","WR",2
"00-0039337","M.Nabers","NYG","DEN",FALSE,66.6666666666667,67.75,67.1,0,FALSE,NA,"#0B2265","#A71930","https://a.espncdn.com/i/teamlogos/nfl/500/nyg.png",NA,NA,NA
"00-0034348","C.Sutton","DEN","NYG",TRUE,65.6666666666667,63.6666666666667,66.16,0,FALSE,"https://static.www.nfl.com/image/upload/f_auto,q_auto/league/r2sr6cbma4c7wc3isejj","#002244","#FB4F14","https://a.espncdn.com/i/teamlogos/nfl/500/den.png","14","WR",8
"00-0040667","M.Golden","GB","ARI",FALSE,65.3333333333333,65.3333333333333,65.33,0,FALSE,"https://static.www.nfl.com/image/upload/f_auto,q_auto/league/gkbhlytvkltv5whjo3ru","#203731","#FFB612","https://a.espncdn.com/i/teamlogos/nfl/500/gb.png","0","WR",0
"00-0038996","T.Kraft","GB","ARI",FALSE,69.6666666666667,56.25,64.3,0,FALSE,"https://static.www.nfl.com/image/upload/f_auto,q_auto/league/yr6nj1zqaqg6nbdnxu3q","#203731","#FFB612","https://a.espncdn.com/i/teamlogos/nfl/500/gb.png","85","TE",3
"00-0031381","D.Adams","LA","JAX",FALSE,61,66,63,0,FALSE,"https://static.www.nfl.com/image/upload/f_auto,q_auto/league/qtonvcqpixixqhc6lhnc","#003594","#FFD100","https://a.espncdn.com/i/teamlogos/nfl/500/lar.png","17","WR",12
"00-0037740","G.Wilson","NYJ","CAR",TRUE,55.3333333333333,65.8333333333333,60.72,0,FALSE,"https://static.www.nfl.com/image/upload/f_auto,q_auto/league/kbijsheobhwej7lh8mvf","#003F2D","#000000","https://a.espncdn.com/i/teamlogos/nfl/500/nyj.png","5","WR",4
"00-0034837","C.Ridley","TEN","NE",TRUE,62.6666666666667,54.4,60.55,0,FALSE,"https://static.www.nfl.com/image/upload/f_auto,q_auto/league/l96rlegwqz7qfakbdtlp","#002244","#4B92DB","https://a.espncdn.com/i/teamlogos/nfl/500/ten.png","0","WR",7
"00-0040128","T.Warren","IND","LAC",FALSE,59,61.6666666666667,60.07,0,FALSE,"https://static.www.nfl.com/image/upload/f_auto,q_auto/league/jt2almbzdk0kbha39otb","#002C5F","#a5acaf","https://a.espncdn.com/i/teamlogos/nfl/500/ind.png","84","TE",0
"00-0039919","R.Odunze","CHI","NO",TRUE,54.3333333333333,65.6,60.02,0,FALSE,"https://static.www.nfl.com/image/upload/f_auto,q_auto/league/yqjdhpsno75du0n72u4w","#0B162A","#E64100","https://a.espncdn.com/i/teamlogos/nfl/500/chi.png","15","WR",2
"00-0030506","T.Kelce","KC","LV",TRUE,62.3333333333333,53.5,59.98,0,FALSE,"https://static.www.nfl.com/image/upload/f_auto,q_auto/league/ebc5j60djpinc9elvlc5","#E31837","#FFB612","https://a.espncdn.com/i/teamlogos/nfl/500/kc.png","87","TE",13
"00-0039065","S.LaPorta","DET","TB",TRUE,62,54,59.98,0,FALSE,"https://static.www.nfl.com/image/upload/f_auto,q_auto/league/qfcy3taaoage00rrl0cc","#0076B6","#B0B7BC","https://a.espncdn.com/i/teamlogos/nfl/500/det.png","87","TE",3
"00-0037545","R.Shaheed","NO","CHI",FALSE,63,52.6666666666667,58.87,0,FALSE,"https://static.www.nfl.com/image/upload/f_auto,q_auto/league/ezsjaj0orlzpuranocyf","#D3BC8D","#000000","https://a.espncdn.com/i/teamlogos/nfl/500/no.png","22","WR",4
"00-0037664","A.Pierce","IND","LAC",FALSE,61,54.75,58.5,0,FALSE,"https://static.www.nfl.com/image/upload/f_auto,q_auto/league/zeghrjc8rir3r3zi6det","#002C5F","#a5acaf","https://a.espncdn.com/i/teamlogos/nfl/500/ind.png","14","WR",4
"00-0037239","C.Olave","NO","CHI",FALSE,59,57,58.2,0,FALSE,"https://static.www.nfl.com/image/upload/f_auto,q_auto/league/vrrmyvpvujynckag9jop","#D3BC8D","#000000","https://a.espncdn.com/i/teamlogos/nfl/500/no.png","12","WR",4
"00-0040124","T.McMillan","CAR","NYJ",FALSE,54.6666666666667,63.3333333333333,58.13,0,FALSE,"https://static.www.nfl.com/image/upload/f_auto,q_auto/league/hokqp6gl5xujtlqwecg8","#0085CA","#000000","https://a.espncdn.com/i/teamlogos/nfl/500-dark/car.png","4","WR",0
"00-0035719","D.Samuel","WAS","DAL",FALSE,61,52.5,57.6,0,FALSE,"https://static.www.nfl.com/image/upload/f_auto,q_auto/league/ntgyhqg6hq7fanhhsqiw","#5A1414","#FFB612","https://a.espncdn.com/i/teamlogos/nfl/500/wsh.png","1","WR",7
"00-0035700","J.Jacobs","GB","ARI",FALSE,57.3333333333333,57.3333333333333,57.33,0,FALSE,"https://static.www.nfl.com/image/upload/f_auto,q_auto/league/drtobqw2mk7yw3edjgwo","#203731","#FFB612","https://a.espncdn.com/i/teamlogos/nfl/500/gb.png","8","RB",7
"00-0037744","T.McBride","ARI","GB",TRUE,55,57.8333333333333,57.26,0,FALSE,"https://static.www.nfl.com/image/upload/f_auto,q_auto/league/vd7av3vdfs6q7ncjogac","#97233F","#000000","https://a.espncdn.com/i/teamlogos/nfl/500/ari.png","85","TE",4
"00-0039361","B.Irving","TB","DET",FALSE,61.6666666666667,48.25,56.3,0,FALSE,"https://static.www.nfl.com/image/upload/f_auto,q_auto/league/hmgpumoxwhvrrkcjuuuw","#A71930","#322F2B","https://a.espncdn.com/i/teamlogos/nfl/500/tb.png","7","RB",2
"00-0039410","R.Flournoy","DAL","WAS",TRUE,55,55,56.1,0,FALSE,"https://static.www.nfl.com/image/upload/f_auto,q_auto/league/tqwq3cgpqu7j9hzoyicx","#002244","#B0B7BC","https://a.espncdn.com/i/teamlogos/nfl/500/dal.png","19","WR",2
"00-0034351","D.Goedert","PHI","MIN",FALSE,55.3333333333333,52.5,54.2,0,FALSE,"https://static.www.nfl.com/image/upload/f_auto,q_auto/league/a6ljhwvkehvyiufdx3d1","#004C54","#A5ACAF","https://a.espncdn.com/i/teamlogos/nfl/500/phi.png","88","TE",8
"00-0038608","K.Boutte","NE","TEN",FALSE,51.3333333333333,57,53.6,0,FALSE,"https://static.www.nfl.com/image/upload/f_auto,q_auto/league/mg4icjqhwhnc5uobmau5","#002244","#C60C30","https://a.espncdn.com/i/teamlogos/nfl/500/ne.png","9","WR",3
"00-0037240","J.Williams","DET","TB",TRUE,49.6666666666667,56,53.24,0,FALSE,"https://static.www.nfl.com/image/upload/f_auto,q_auto/league/gpjarmglg1jhwq5wr1uu","#0076B6","#B0B7BC","https://a.espncdn.com/i/teamlogos/nfl/500/det.png","1","WR",4
"00-0039915","L.McConkey","LAC","IND",TRUE,50,52.1666666666667,51.88,0,FALSE,"https://static.www.nfl.com/image/upload/f_auto,q_auto/league/qsvdiebsa34jtkcrjpju","#007BC7","#ffc20e","https://a.espncdn.com/i/teamlogos/nfl/500/lac.png","15","WR",2
"00-0033090","H.Henry","NE","TEN",FALSE,54.3333333333333,47.6,51.64,0,FALSE,"https://static.www.nfl.com/image/upload/f_auto,q_auto/league/l0fsrutz9fwbohx10lcf","#002244","#C60C30","https://a.espncdn.com/i/teamlogos/nfl/500/ne.png","85","TE",10
"00-0040736","M.Taylor","NYJ","CAR",TRUE,50,50,51,0,FALSE,"https://static.www.nfl.com/image/upload/f_auto,q_auto/league/bk7wjtjt7dpc5qsuil4z","#003F2D","#000000","https://a.espncdn.com/i/teamlogos/nfl/500/nyj.png","85","TE",0
"00-0039793","A.Barner","SEA","HOU",TRUE,52,45.5,50.39,0,FALSE,"https://static.www.nfl.com/image/upload/f_auto,q_auto/league/ul77k5rqbqzd5zzqsaea","#002244","#69be28","https://a.espncdn.com/i/teamlogos/nfl/500/sea.png","88","TE",2
"00-0035659","T.McLaurin","WAS","DAL",FALSE,49.6666666666667,49.6666666666667,49.67,0,FALSE,"https://static.www.nfl.com/image/upload/f_auto,q_auto/league/wokz1etv1wj1vhbmvxgs","#5A1414","#FFB612","https://a.espncdn.com/i/teamlogos/nfl/500/wsh.png","17","WR",7
"00-0039894","X.Worthy","KC","LV",TRUE,48.3333333333333,48.3333333333333,49.3,0,FALSE,"https://static.www.nfl.com/image/upload/f_auto,q_auto/league/ue6fp8xwnyo7ftvabbb8","#E31837","#FFB612","https://a.espncdn.com/i/teamlogos/nfl/500/kc.png","1","WR",2
"00-0037816","R.Doubs","GB","ARI",FALSE,47,52.25,49.1,0,FALSE,"https://static.www.nfl.com/image/upload/f_auto,q_auto/league/ov2llp1bfetznmngqybi","#203731","#FFB612","https://a.espncdn.com/i/teamlogos/nfl/500/gb.png","87","WR",4
"00-0038117","W.Robinson","NYG","DEN",FALSE,42.6666666666667,58.5,49,0,FALSE,"https://static.www.nfl.com/image/upload/f_auto,q_auto/league/yzcvyhmilvxedfjfjglc","#0B2265","#A71930","https://a.espncdn.com/i/teamlogos/nfl/500/nyg.png","17","WR",4
"00-0037801","K.Turpin","DAL","WAS",TRUE,47,47,47.94,0,FALSE,"https://static.www.nfl.com/image/upload/f_auto,q_auto/league/cgjwzierootp8gjem5oe","#002244","#B0B7BC","https://a.espncdn.com/i/teamlogos/nfl/500/dal.png","9","WR",4
"00-0035676","A.Brown","PHI","MIN",FALSE,43.3333333333333,53.2,47.28,0,FALSE,"https://static.www.nfl.com/image/private/f_auto,q_auto/league/a014sgzctarbvhwb35lw","#004C54","#A5ACAF","https://a.espncdn.com/i/teamlogos/nfl/500/phi.png","11","WR",7
"00-0035662","M.Brown","KC","LV",TRUE,43.6666666666667,50.3333333333333,47.26,0,FALSE,"https://static.www.nfl.com/image/upload/f_auto,q_auto/league/ixuddegcphzmvjn4jq6r","#E31837","#FFB612","https://a.espncdn.com/i/teamlogos/nfl/500/kc.png","5","WR",7
"00-0037112","J.Tonges","SF","ATL",TRUE,52.3333333333333,37.3333333333333,47.26,0,FALSE,"https://static.www.nfl.com/image/upload/f_auto,q_auto/league/uztcdowl4wig2uhy1qxh","#AA0000","#B3995D","https://a.espncdn.com/i/teamlogos/nfl/500/sf.png","88","TE",3
"00-0039338","B.Bowers","LV","KC",FALSE,40.6666666666667,56.25,46.9,0,FALSE,"https://static.www.nfl.com/image/upload/f_auto,q_auto/league/uzp2ffi0lomamxofsrhy","#000000","#A5ACAF","https://a.espncdn.com/i/teamlogos/nfl/500/lv.png","89","TE",2
"00-0031408","M.Evans","TB","DET",FALSE,46.6666666666667,46.6666666666667,46.67,0,FALSE,"https://static.www.nfl.com/image/upload/f_auto,q_auto/league/yaxorbdsvk1ucfuiyrkj","#A71930","#322F2B","https://a.espncdn.com/i/teamlogos/nfl/500/tb.png","13","WR",12
"00-0030279","K.Allen","LAC","IND",TRUE,40.6666666666667,52.6666666666667,46.38,0,FALSE,"https://static.www.nfl.com/image/upload/f_auto,q_auto/league/ri267r6lzfwarh89hsn6","#007BC7","#ffc20e","https://a.espncdn.com/i/teamlogos/nfl/500/lac.png","13","WR",13
"00-0036875","R.Stevenson","NE","TEN",FALSE,46,46,46,0,FALSE,"https://static.www.nfl.com/image/upload/f_auto,q_auto/league/ed09migntlyy8ntgvcu1","#002244","#C60C30","https://a.espncdn.com/i/teamlogos/nfl/500/ne.png","38","RB",5
"00-0038041","J.Ferguson","DAL","WAS",TRUE,40.6666666666667,50.8333333333333,45.63,0,FALSE,"https://static.www.nfl.com/image/upload/f_auto,q_auto/league/ebdz1yf8ky2mscdvyv1v","#002244","#B0B7BC","https://a.espncdn.com/i/teamlogos/nfl/500/dal.png","87","TE",4
"00-0040189","O.Gadsden","LAC","IND",TRUE,43.3333333333333,43.3333333333333,44.2,0,FALSE,"https://static.www.nfl.com/image/upload/f_auto,q_auto/league/r8b4oghjwhw8x9nv1wbs","#007BC7","#ffc20e","https://a.espncdn.com/i/teamlogos/nfl/500/lac.png","86","TE",0
"00-0038935","B.Strange","JAX","LA",TRUE,41,45.5,43.66,0,FALSE,NA,"#006778","#000000","https://a.espncdn.com/i/teamlogos/nfl/500/jax.png",NA,NA,NA
"00-0033908","C.Kupp","SEA","HOU",TRUE,41.6666666666667,43.5,43.25,0,FALSE,"https://static.www.nfl.com/image/upload/f_auto,q_auto/league/lpaxi9rsedlg9sdr5quw","#002244","#69be28","https://a.espncdn.com/i/teamlogos/nfl/500/sea.png","10","WR",9
"00-0036970","K.Pitts","ATL","SF",FALSE,42.3333333333333,44.6,43.24,0,FALSE,"https://static.www.nfl.com/image/upload/f_auto,q_auto/league/tbec213me3pszzszecqo","#A71930","#000000","https://a.espncdn.com/i/teamlogos/nfl/500/atl.png","8","TE",5
"00-0034960","J.Meyers","LV","KC",FALSE,33.6666666666667,54.8333333333333,42.13,0,FALSE,"https://static.www.nfl.com/image/upload/f_auto,q_auto/league/lvtrni5hwbcslky9t1rz","#000000","#A5ACAF","https://a.espncdn.com/i/teamlogos/nfl/500/lv.png","16","WR",7
"00-0037837","C.Austin","PIT","CIN",FALSE,42,42,42,0,FALSE,"https://static.www.nfl.com/image/private/f_auto,q_auto/league/qlt6ztqcbu0uzad6aavt","#000000","#FFB612","https://a.espncdn.com/i/teamlogos/nfl/500/pit.png","19","WR",4
"00-0038129","C.Otton","TB","DET",FALSE,47,33.2,41.48,0,FALSE,"https://static.www.nfl.com/image/upload/f_auto,q_auto/league/dlgxvfpnufpnxkvu1ynb","#A71930","#322F2B","https://a.espncdn.com/i/teamlogos/nfl/500/tb.png","88","TE",4
"00-0040666","O.Hampton","LAC","IND",TRUE,40.6666666666667,40.6666666666667,41.48,0,FALSE,NA,"#007BC7","#ffc20e","https://a.espncdn.com/i/teamlogos/nfl/500/lac.png",NA,NA,NA
"00-0040663","H.Fannin","CLE","MIA",TRUE,39.3333333333333,42.3333333333333,41.34,0,FALSE,"https://static.www.nfl.com/image/upload/f_auto,q_auto/league/fxublmpnxx9uggsddwik","#FF3C00","#311D00","https://a.espncdn.com/i/teamlogos/nfl/500/cle.png","44","TE",0
"00-0034383","D.Schultz","HOU","SEA",FALSE,43,37.2,40.68,0,FALSE,"https://static.www.nfl.com/image/upload/f_auto,q_auto/league/xbl9mhuamzv5udb4hyzj","#03202F","#A71930","https://a.espncdn.com/i/teamlogos/nfl/500/hou.png","86","TE",8
"00-0036410","T.Higgins","CIN","PIT",TRUE,38.6666666666667,41,40.39,0,FALSE,"https://static.www.nfl.com/image/upload/f_auto,q_auto/league/flr9f8oqigbyroeaubxb","#FB4F14","#000000","https://a.espncdn.com/i/teamlogos/nfl/500/cin.png","5","WR",6
"00-0040715","C.Skattebo","NYG","DEN",FALSE,40,40,40,0,FALSE,"https://static.www.nfl.com/image/upload/f_auto,q_auto/league/vnftthkbvw7ucsqtqjpq","#0B2265","#A71930","https://a.espncdn.com/i/teamlogos/nfl/500/nyg.png","44","RB",0
"00-0036275","D.Swift","CHI","NO",TRUE,44.6666666666667,30.4,39.74,0,FALSE,"https://static.www.nfl.com/image/upload/f_auto,q_auto/league/owpmwzoilitcodc6cmxo","#0B162A","#E64100","https://a.espncdn.com/i/teamlogos/nfl/500/chi.png","4","RB",6
"00-0036252","M.Pittman","IND","LAC",FALSE,33.3333333333333,48.8333333333333,39.53,0,FALSE,"https://static.www.nfl.com/image/upload/f_auto,q_auto/league/z78xpye9hing1e7wke8b","#002C5F","#a5acaf","https://a.espncdn.com/i/teamlogos/nfl/500/ind.png","11","WR",6
"00-0039868","T.Franklin","DEN","NYG",TRUE,36.3333333333333,41.6666666666667,39.24,0,FALSE,"https://static.www.nfl.com/image/upload/f_auto,q_auto/league/belpdlyoda8cmzbvjkqh","#002244","#FB4F14","https://a.espncdn.com/i/teamlogos/nfl/500/den.png","11","WR",2
"00-0040718","T.Hunter","JAX","LA",TRUE,40.3333333333333,35.2,39.05,0,FALSE,"https://static.www.nfl.com/image/upload/f_auto,q_auto/league/apfzii6u8pwj9ntvyfkk","#006778","#000000","https://a.espncdn.com/i/teamlogos/nfl/500/jax.png","12","WR",0
"00-0031610","D.Waller","MIA","CLE",FALSE,39,39,39,0,FALSE,"https://static.www.nfl.com/image/upload/f_auto,q_auto/league/loyehiyzcu2lexjk7plq","#008E97","#F58220","https://a.espncdn.com/i/teamlogos/nfl/500/mia.png","83","TE",8
"00-0038997","J.Downs","IND","LAC",FALSE,40,36.1666666666667,38.47,0,FALSE,"https://static.www.nfl.com/image/upload/f_auto,q_auto/league/gqozitn9vxnp8acz6wwg","#002C5F","#a5acaf","https://a.espncdn.com/i/teamlogos/nfl/500/ind.png","1","WR",3
"00-0036259","J.Jennings","SF","ATL",TRUE,40,34,38.35,0,FALSE,"https://static.www.nfl.com/image/upload/f_auto,q_auto/league/cdx9mq3iglzog9mkqvdr","#AA0000","#B3995D","https://a.espncdn.com/i/teamlogos/nfl/500/sf.png","15","WR",5
"00-0035229","T.Hockenson","MIN","PHI",TRUE,42,30.6,38.19,0,FALSE,"https://static.www.nfl.com/image/upload/f_auto,q_auto/league/rs8o65x0u0n9xzde0fd6","#4F2683","#FFC62F","https://a.espncdn.com/i/teamlogos/nfl/500/min.png","87","TE",7
"00-0033891","Z.Jones","ARI","GB",TRUE,37.3333333333333,37.3333333333333,38.08,0,FALSE,"https://static.www.nfl.com/image/upload/f_auto,q_auto/league/qihjjzfk0vwzoyrzztkq","#97233F","#000000","https://a.espncdn.com/i/teamlogos/nfl/500/ari.png","17","WR",9
"00-0036407","J.Jeudy","CLE","MIA",TRUE,35.3333333333333,40,37.94,0,FALSE,"https://static.www.nfl.com/image/upload/f_auto,q_auto/league/szca1v9butuqkjs7ekpm","#FF3C00","#311D00","https://a.espncdn.com/i/teamlogos/nfl/500/cle.png","3","WR",6
"00-0033857","J.Smith-Schuster","KC","LV",TRUE,36.6666666666667,37.5,37.74,0,FALSE,"https://static.www.nfl.com/image/upload/f_auto,q_auto/league/fmjrhk2zt9z22uifctv0","#E31837","#FFB612","https://a.espncdn.com/i/teamlogos/nfl/500/kc.png","9","WR",9
"00-0035535","D.Slayton","NYG","DEN",FALSE,35,41.5,37.6,0,FALSE,"https://static.www.nfl.com/image/upload/f_auto,q_auto/league/fyjkvaekv40jn72d0b3q","#0B2265","#A71930","https://a.espncdn.com/i/teamlogos/nfl/500/nyg.png","18","WR",7
"00-0034827","D.Moore","CHI","NO",TRUE,33.6666666666667,40.8,37.25,0,FALSE,"https://static.www.nfl.com/image/upload/f_auto,q_auto/league/qphturmeiifnqrnf5pax","#0B162A","#E64100","https://a.espncdn.com/i/teamlogos/nfl/500/chi.png","2","WR",8
"00-0036040","J.Johnson","NO","CHI",FALSE,32,44.2,36.88,0,FALSE,"https://static.www.nfl.com/image/upload/f_auto,q_auto/league/wuyyzdqkh5fve8t7kfuv","#D3BC8D","#000000","https://a.espncdn.com/i/teamlogos/nfl/500/no.png","83","TE",6
"00-0033885","D.Njoku","CLE","MIA",TRUE,35.3333333333333,37.1666666666667,36.79,0,FALSE,"https://static.www.nfl.com/image/upload/f_auto,q_auto/league/gdwtgcfz3mxj6codxdpn","#FF3C00","#311D00","https://a.espncdn.com/i/teamlogos/nfl/500/cle.png","85","TE",9
"00-0034775","C.Kirk","HOU","SEA",FALSE,36.3333333333333,36.3333333333333,36.33,0,FALSE,"https://static.www.nfl.com/image/upload/f_auto,q_auto/league/bugikrmfz5k4jvyaogza","#03202F","#A71930","https://a.espncdn.com/i/teamlogos/nfl/500/hou.png","13","WR",8
"00-0030061","Z.Ertz","WAS","DAL",FALSE,34,38.4,35.76,0,FALSE,"https://static.www.nfl.com/image/upload/f_auto,q_auto/league/xktmmeumuoglbuam75iz","#5A1414","#FFB612","https://a.espncdn.com/i/teamlogos/nfl/500/wsh.png","86","TE",13
"00-0040648","T.Horton","SEA","HOU",TRUE,34.3333333333333,34.3333333333333,35.02,0,FALSE,"https://static.www.nfl.com/image/upload/f_auto,q_auto/league/vpgs86vlcp3gejw6tget","#002244","#69be28","https://a.espncdn.com/i/teamlogos/nfl/500/sea.png","15","WR",0
"00-0037809","C.Okonkwo","TEN","NE",TRUE,32.6666666666667,36.3333333333333,34.82,0,FALSE,"https://static.www.nfl.com/image/upload/f_auto,q_auto/league/omm5z5iq6dlmidqz1sgz","#002244","#4B92DB","https://a.espncdn.com/i/teamlogos/nfl/500/ten.png","85","TE",4
"00-0037666","J.Tolbert","DAL","WAS",TRUE,33.6666666666667,33.6666666666667,34.34,0,FALSE,"https://static.www.nfl.com/image/upload/f_auto,q_auto/league/pif5ffxlibkfp90k1sj4","#002244","#B0B7BC","https://a.espncdn.com/i/teamlogos/nfl/500/dal.png","1","WR",4
"00-0033110","T.Higbee","LA","JAX",FALSE,34,34,34,0,FALSE,"https://static.www.nfl.com/image/upload/f_auto,q_auto/league/x1d4osiefibd04df6gow","#003594","#FFD100","https://a.espncdn.com/i/teamlogos/nfl/500/lar.png","89","TE",10
"00-0038979","C.Tillman","CLE","MIA",TRUE,33.3333333333333,33.3333333333333,34,0,FALSE,NA,"#FF3C00","#311D00","https://a.espncdn.com/i/teamlogos/nfl/500/cle.png",NA,NA,NA
"00-0033881","E.Engram","DEN","NYG",TRUE,34.6666666666667,31.25,33.97,0,FALSE,"https://static.www.nfl.com/image/upload/f_auto,q_auto/league/vsrjso6phkjqki88qw9y","#002244","#FB4F14","https://a.espncdn.com/i/teamlogos/nfl/500/den.png","1","TE",9
"00-0032385","S.Shepard","TB","DET",FALSE,29.6666666666667,40.3333333333333,33.93,0,FALSE,"https://static.www.nfl.com/image/upload/f_auto,q_auto/league/l47czwi8aaznnit0se5h","#A71930","#322F2B","https://a.espncdn.com/i/teamlogos/nfl/500/tb.png","17","WR",10
"00-0037005","T.Tremble","CAR","NYJ",FALSE,33.6666666666667,33.6666666666667,33.67,0,FALSE,"https://static.www.nfl.com/image/upload/f_auto,q_auto/league/j0atbeflgj05pldxfon6","#0085CA","#000000","https://a.espncdn.com/i/teamlogos/nfl/500-dark/car.png","82","TE",5
"00-0037840","K.Williams","LA","JAX",FALSE,33.6666666666667,33.6666666666667,33.67,0,FALSE,"https://static.www.nfl.com/image/upload/f_auto,q_auto/league/smsyrjrwy0lf0hu9hkvg","#003594","#FFD100","https://a.espncdn.com/i/teamlogos/nfl/500/lar.png","23","RB",4
"00-0038619","A.Iosivas","CIN","PIT",TRUE,33,33,33.66,0,FALSE,"https://static.www.nfl.com/image/upload/f_auto,q_auto/league/zvanfldklpds1gp08bsp","#FB4F14","#000000","https://a.espncdn.com/i/teamlogos/nfl/500/cin.png","80","WR",3
"00-0038120","B.Hall","NYJ","CAR",TRUE,34.3333333333333,30,33.25,0,FALSE,"https://static.www.nfl.com/image/upload/f_auto,q_auto/league/m3dviruymtm2wl2zcpmr","#003F2D","#000000","https://a.espncdn.com/i/teamlogos/nfl/500/nyj.png","20","RB",4
"00-0038976","M.Mims","DEN","NYG",TRUE,36.3333333333333,25,32.44,0,FALSE,"https://static.www.nfl.com/image/upload/f_auto,q_auto/league/zbdjtph5xplbf4yocz0l","#002244","#FB4F14","https://a.espncdn.com/i/teamlogos/nfl/500/den.png","19","WR",3
"00-0038606","P.Washington","JAX","LA",TRUE,26.3333333333333,38.75,31.93,0,FALSE,"https://static.www.nfl.com/image/upload/f_auto,q_auto/league/sqgxayp6nrrpvwonksdm","#006778","#000000","https://a.espncdn.com/i/teamlogos/nfl/500/jax.png","11","WR",3
"00-0040170","E.Ayomanor","TEN","NE",TRUE,29.6666666666667,32.6666666666667,31.48,0,FALSE,"https://static.www.nfl.com/image/upload/f_auto,q_auto/league/aekfvt5nyl69emvxr2yj","#002244","#4B92DB","https://a.espncdn.com/i/teamlogos/nfl/500/ten.png","5","WR",0
"00-0040581","D.Thornton","LV","KC",FALSE,31.3333333333333,31.3333333333333,31.33,0,FALSE,"https://static.www.nfl.com/image/upload/f_auto,q_auto/league/hlxztd3lpjaxtzojuxwh","#000000","#A5ACAF","https://a.espncdn.com/i/teamlogos/nfl/500/lv.png","10","WR",0
"00-0034844","S.Barkley","PHI","MIN",FALSE,32.6666666666667,26.2,30.08,0,FALSE,"https://static.www.nfl.com/image/upload/f_auto,q_auto/league/ern1nbhivkmwkg82c7v1","#004C54","#A5ACAF","https://a.espncdn.com/i/teamlogos/nfl/500/phi.png","26","RB",8
"00-0037741","J.Dotson","PHI","MIN",FALSE,30,30,30,0,FALSE,"https://static.www.nfl.com/image/upload/f_auto,q_auto/league/dbtou5ln1kwjutixywie","#004C54","#A5ACAF","https://a.espncdn.com/i/teamlogos/nfl/500/phi.png","2","WR",4
"00-0035208","O.Zaccheaus","CHI","NO",TRUE,29.6666666666667,28.6,29.82,0,FALSE,"https://static.www.nfl.com/image/upload/f_auto,q_auto/league/ucpai2odeunecbe6o1dj","#0B162A","#E64100","https://a.espncdn.com/i/teamlogos/nfl/500/chi.png","14","WR",7
"00-0039040","D.Achane","MIA","CLE",FALSE,24.6666666666667,37.2,29.68,0,FALSE,"https://static.www.nfl.com/image/upload/f_auto,q_auto/league/xk1xwio0bryfxo1ylweu","#008E97","#F58220","https://a.espncdn.com/i/teamlogos/nfl/500/mia.png","28","RB",3
"00-0036139","R.Dowdle","CAR","NYJ",FALSE,29.3333333333333,29.3333333333333,29.33,0,FALSE,"https://static.www.nfl.com/image/upload/f_auto,q_auto/league/cvnrzndsiaojvvxz8vo5","#0085CA","#000000","https://a.espncdn.com/i/teamlogos/nfl/500-dark/car.png","5","RB",6
"00-0040782","I.Bond","CLE","MIA",TRUE,32,23.6,29.21,0,FALSE,"https://static.www.nfl.com/image/upload/f_auto,q_auto/league/piv889pkizjvgrtpfkxm","#FF3C00","#311D00","https://a.espncdn.com/i/teamlogos/nfl/500/cle.png","16","WR",0
"00-0038621","D.Douglas","NE","TEN",FALSE,31.6666666666667,23.25,28.3,0,FALSE,"https://static.www.nfl.com/image/upload/f_auto,q_auto/league/almsm6nmovpasu8ts9u3","#002244","#C60C30","https://a.espncdn.com/i/teamlogos/nfl/500/ne.png","3","WR",3
"00-0038393","D.Wicks","GB","ARI",FALSE,28,28,28,0,FALSE,"https://static.www.nfl.com/image/upload/f_auto,q_auto/league/er7pbyq82nsbw1w3wyor","#203731","#FFB612","https://a.espncdn.com/i/teamlogos/nfl/500/gb.png","13","WR",3
"00-0035644","N.Fant","CIN","PIT",TRUE,27,26.75,27.44,0,FALSE,"https://static.www.nfl.com/image/private/f_auto,q_auto/league/w1gqasldrg3jumzdqjvy","#FB4F14","#000000","https://a.espncdn.com/i/teamlogos/nfl/500/cin.png","86","TE",7
"00-0040078","B.Smith","KC","LV",TRUE,26.6666666666667,26.6666666666667,27.2,0,FALSE,"https://static.www.nfl.com/image/upload/f_auto,q_auto/league/u3t4csj7hhcgymvb8ldf","#E31837","#FFB612","https://a.espncdn.com/i/teamlogos/nfl/500/kc.png","24","RB",0
"00-0037256","R.White","TB","DET",FALSE,26.6666666666667,26.6666666666667,26.67,0,FALSE,"https://static.www.nfl.com/image/upload/f_auto,q_auto/league/sxugbms8ketvgmilnlu3","#A71930","#322F2B","https://a.espncdn.com/i/teamlogos/nfl/500/tb.png","1","RB",4
"00-0040584","G.Helm","TEN","NE",TRUE,25.3333333333333,25.3333333333333,25.84,0,FALSE,"https://static.www.nfl.com/image/upload/f_auto,q_auto/league/lcyqbbnrzgtbnirz8knj","#002244","#4B92DB","https://a.espncdn.com/i/teamlogos/nfl/500/ten.png","84","TE",0
"00-0040730","R.Harvey","DEN","NYG",TRUE,26.3333333333333,23.25,25.6,0,FALSE,"https://static.www.nfl.com/image/upload/f_auto,q_auto/league/i1qxzydetb2orrynzvzk","#002244","#FB4F14","https://a.espncdn.com/i/teamlogos/nfl/500/den.png","37","RB",0
"00-0039139","J.Gibbs","DET","TB",TRUE,24.3333333333333,24.3333333333333,24.82,0,FALSE,"https://static.www.nfl.com/image/upload/f_auto,q_auto/league/hjxk3judytgsxkqiilre","#0076B6","#B0B7BC","https://a.espncdn.com/i/teamlogos/nfl/500/det.png","0","RB",3
"00-0039847","T.Johnson","NYG","DEN",FALSE,25.6666666666667,23.2,24.68,0,FALSE,"https://static.www.nfl.com/image/upload/f_auto,q_auto/league/naoiheinxogchairenzf","#0B2265","#A71930","https://a.espncdn.com/i/teamlogos/nfl/500/nyg.png","84","TE",2
"00-0033906","A.Kamara","NO","CHI",FALSE,25,24,24.6,0,FALSE,"https://static.www.nfl.com/image/upload/f_auto,q_auto/league/uay6uo9lonegelngihki","#D3BC8D","#000000","https://a.espncdn.com/i/teamlogos/nfl/500/no.png","41","RB",9
"00-0033943","J.Reynolds","NYJ","CAR",TRUE,24,24,24.48,0,FALSE,"https://static.www.nfl.com/image/upload/f_auto,q_auto/league/lf1fjsagcsvxmktl0bbn","#003F2D","#000000","https://a.espncdn.com/i/teamlogos/nfl/500/nyj.png","83","WR",9
"00-0031236","B.Cooks","NO","CHI",FALSE,24,24,24,0,FALSE,"https://static.www.nfl.com/image/upload/f_auto,q_auto/league/krz3gv9jjs92arlctvqf","#D3BC8D","#000000","https://a.espncdn.com/i/teamlogos/nfl/500/no.png","10","WR",12
"00-0037291","J.Nailor","MIN","PHI",TRUE,22,25,23.66,0,FALSE,"https://static.www.nfl.com/image/upload/f_auto,q_auto/league/sdsx2pttiiwbfpyuuwiz","#4F2683","#FFC62F","https://a.espncdn.com/i/teamlogos/nfl/500/min.png","1","WR",4
"00-0038559","Mi.Wilson","ARI","GB",TRUE,25,20,23.46,0,FALSE,"https://static.www.nfl.com/image/upload/f_auto,q_auto/league/yc8awtck004bz2a5oeb8","#97233F","#000000","https://a.espncdn.com/i/teamlogos/nfl/500/ari.png","14","WR",3
"00-0038597","C.Brown","CIN","PIT",TRUE,23,19,21.83,0,FALSE,"https://static.www.nfl.com/image/upload/f_auto,q_auto/league/pv3sq3uzosixxexbznq5","#FB4F14","#000000","https://a.espncdn.com/i/teamlogos/nfl/500/cin.png","30","RB",3
"00-0036555","C.Hubbard","CAR","NYJ",FALSE,20.6666666666667,23.5,21.8,0,FALSE,"https://static.www.nfl.com/image/upload/f_auto,q_auto/league/pjgml85ghq7oa48dctn7","#0085CA","#000000","https://a.espncdn.com/i/teamlogos/nfl/500-dark/car.png","30","RB",5
"00-0036894","P.Freiermuth","PIT","CIN",FALSE,21.6666666666667,21.6666666666667,21.67,0,FALSE,"https://static.www.nfl.com/image/upload/f_auto,q_auto/league/vmwioi77upc9hqwaskfa","#000000","#FFB612","https://a.espncdn.com/i/teamlogos/nfl/500/pit.png","88","TE",5
"00-0039751","J.Whittington","LA","JAX",FALSE,21,21,21,0,FALSE,"https://static.www.nfl.com/image/upload/f_auto,q_auto/league/w5h5q9jwyaimdjlnracx","#003594","#FFD100","https://a.espncdn.com/i/teamlogos/nfl/500/lar.png","88","WR",2
"00-0036919","K.Gainwell","PIT","CIN",FALSE,21.6666666666667,17.25,19.9,0,FALSE,"https://static.www.nfl.com/image/upload/f_auto,q_auto/league/f74x1ywy7oo5kq81vblh","#000000","#FFB612","https://a.espncdn.com/i/teamlogos/nfl/500/pit.png","14","RB",5
"00-0039921","T.Benson","ARI","GB",TRUE,19.3333333333333,19.3333333333333,19.72,0,FALSE,NA,"#97233F","#000000","https://a.espncdn.com/i/teamlogos/nfl/500/ari.png",NA,NA,NA
"00-0034983","H.Renfrow","CAR","NYJ",FALSE,20.3333333333333,18,19.4,0,FALSE,"https://static.www.nfl.com/image/upload/f_auto,q_auto/league/sgrqk1a6fm34swazm2bx","#0085CA","#000000","https://a.espncdn.com/i/teamlogos/nfl/500-dark/car.png","13","WR",6
"00-0036626","D.Brown","JAX","LA",TRUE,11.6666666666667,28.8,18.89,0,FALSE,"https://static.www.nfl.com/image/upload/f_auto,q_auto/league/wwl9s886olkkvu67qktp","#006778","#000000","https://a.espncdn.com/i/teamlogos/nfl/500/jax.png","5","WR",5
"00-0036223","J.Taylor","IND","LAC",FALSE,18,19.4,18.56,0,FALSE,"https://static.www.nfl.com/image/upload/f_auto,q_auto/league/uwmnrhwtwug0wrgkomjk","#002C5F","#a5acaf","https://a.espncdn.com/i/teamlogos/nfl/500/ind.png","28","RB",6
"00-0037004","H.Long","JAX","LA",TRUE,18,18,18.36,0,FALSE,"https://static.www.nfl.com/image/upload/f_auto,q_auto/league/n1kvmijdfpyv1dwlwqa6","#006778","#000000","https://a.espncdn.com/i/teamlogos/nfl/500/jax.png","84","TE",5
"00-0038618","X.Hutchinson","HOU","SEA",FALSE,17,20,18.2,0,FALSE,"https://static.www.nfl.com/image/upload/f_auto,q_auto/league/hv3mfhadliph08b4pl4s","#03202F","#A71930","https://a.espncdn.com/i/teamlogos/nfl/500/hou.png","19","WR",3
"00-0036973","T.Etienne","JAX","LA",TRUE,18.3333333333333,17,18.16,0,FALSE,"https://static.www.nfl.com/image/upload/f_auto,q_auto/league/gc0iljgj34piecyfueyd","#006778","#000000","https://a.espncdn.com/i/teamlogos/nfl/500/jax.png","1","RB",5
"00-0039384","T.Tracy","NYG","DEN",FALSE,18,18,18,0,FALSE,"https://static.www.nfl.com/image/upload/f_auto,q_auto/league/b9nje50lohbprf06xoom","#0B2265","#A71930","https://a.espncdn.com/i/teamlogos/nfl/500/nyg.png","29","RB",2
"00-0040122","A.Jeanty","LV","KC",FALSE,18,18,18,0,FALSE,"https://static.www.nfl.com/image/upload/f_auto,q_auto/league/syspis1mntov9kgspb7r","#000000","#A5ACAF","https://a.espncdn.com/i/teamlogos/nfl/500/lv.png","2","RB",0
"00-0033858","J.Smith","PIT","CIN",FALSE,15.6666666666667,17.8,16.52,0,FALSE,"https://static.www.nfl.com/image/upload/f_auto,q_auto/league/egd6llghj3n5wfdrqacw","#000000","#FFB612","https://a.espncdn.com/i/teamlogos/nfl/500/pit.png","81","TE",9
"00-0037267","J.Ford","CLE","MIA",TRUE,15.3333333333333,15.3333333333333,15.64,0,FALSE,"https://static.www.nfl.com/image/private/f_auto,q_auto/league/djggmwo5v8osoboiseo2","#FF3C00","#311D00","https://a.espncdn.com/i/teamlogos/nfl/500/cle.png","34","RB",4
"00-0040734","T.Henderson","NE","TEN",FALSE,15.3333333333333,15.3333333333333,15.33,0,FALSE,"https://static.www.nfl.com/image/upload/f_auto,q_auto/league/cfcux3dnfmbmz3qzrnco","#002244","#C60C30","https://a.espncdn.com/i/teamlogos/nfl/500/ne.png","32","RB",0
"00-0036997","J.Williams","DAL","WAS",TRUE,12,15.8,13.79,0,FALSE,"https://static.www.nfl.com/image/upload/f_auto,q_auto/league/hwzske22c4wrlf27qrih","#002244","#B0B7BC","https://a.espncdn.com/i/teamlogos/nfl/500/dal.png","33","RB",5
"00-0034829","M.Gesicki","CIN","PIT",TRUE,13,13.25,13.36,0,FALSE,NA,"#FB4F14","#000000","https://a.espncdn.com/i/teamlogos/nfl/500/cin.png",NA,NA,NA
"00-0039342","X.Legette","CAR","NYJ",FALSE,13,13,13,0,FALSE,"https://static.www.nfl.com/image/upload/f_auto,q_auto/league/j4jj8rvgzji7zut86ux7","#0085CA","#000000","https://a.espncdn.com/i/teamlogos/nfl/500-dark/car.png","17","WR",2
"00-0035261","T.Pollard","TEN","NE",TRUE,12.3333333333333,12.3333333333333,12.58,0,FALSE,"https://static.www.nfl.com/image/upload/f_auto,q_auto/league/dvpdczetkdhrqpm8izmd","#002244","#4B92DB","https://a.espncdn.com/i/teamlogos/nfl/500/ten.png","20","RB",7
"00-0039880","M.Washington","MIA","CLE",FALSE,11.6666666666667,13.4,12.36,0,FALSE,"https://static.www.nfl.com/image/upload/f_auto,q_auto/league/kwcgtsbpd0rpwsgq2npe","#008E97","#F58220","https://a.espncdn.com/i/teamlogos/nfl/500/mia.png","6","WR",2
"00-0037197","I.Pacheco","KC","LV",TRUE,11,9,10.4,0,FALSE,"https://static.www.nfl.com/image/upload/f_auto,q_auto/league/tqshteijt4xhgk2ei9sx","#E31837","#FFB612","https://a.espncdn.com/i/teamlogos/nfl/500/kc.png","10","RB",4
"00-0037525","J.Mason","MIN","PHI",TRUE,9,9,9.18,0,FALSE,"https://static.www.nfl.com/image/upload/f_auto,q_auto/league/ixykwytfrfz1cdxlhj5w","#4F2683","#FFC62F","https://a.espncdn.com/i/teamlogos/nfl/500/min.png","27","RB",4
"00-0040705","C.Dike","TEN","NE",TRUE,9,6.5,8.16,0,FALSE,"https://static.www.nfl.com/image/upload/f_auto,q_auto/league/njdduv9jx7c8vlrll8ex","#002244","#4B92DB","https://a.espncdn.com/i/teamlogos/nfl/500/ten.png","17","WR",0
"00-0032211","T.Lockett","TEN","NE",TRUE,2,10.4,5.47,0,FALSE,"https://static.www.nfl.com/image/upload/f_auto,q_auto/league/h5dsmp4omfoyzqsp07f8","#002244","#4B92DB","https://a.espncdn.com/i/teamlogos/nfl/500/ten.png","4","WR",11
